element,Z,Zv,channel,alpha1,alpha2,alpha3,c1,c2,c3,c4,c5,c6
H,1,1,core,16.22,5.55,,1.1924,-0.1924,,,,
H,1,1,l0,17.08,23.54,25.42,0.0950,-0.0842,-0.0443,-0.0519,0.0084,0.0122
H,1,1,l1,1.71,3.86,8.08,-0.2475,-0.2727,-0.0301,-0.0094,-0.0291,0.0018
H,1,1,l2,2.44,3.30,4.47,-0.6887,0.0913,-0.1809,-0.0881,-0.0541,0.0058
He,2,2,core,56.23,19.24,,1.1998,-0.1998,,,,
He,2,2,l0,65.16,80.72,89.81,0.1418,-0.1252,-0.0670,-0.0749,0.0110,0.0166
He,2,2,l1,7.89,22.12,25.92,-0.5936,-0.2780,0.0535,0.1278,0.0246,0.0124
He,2,2,l2,0.93,15.09,23.06,-1.1044,-0.6780,0.0847,0.2954,-0.0699,0.0057
Li,3,1,core,1.84,0.73,,2.9081,-1.9081,,,,
Li,3,1,l0,1.10,1.23,1.42,-1.4520,0.2543,0.0381,0.0581,-0.0004,-0.0114
Li,3,1,l1,2.48,7.47,8.20,-0.0046,-0.1402,0.1055,0.1259,0.0241,0.0122
Li,3,1,l2,0.33,0.46,0.62,-0.6347,-0.5406,-0.1712,-0.0055,-0.0300,0.0316
Be,4,2,core,2.61,1.00,,1.5280,-0.5280,,,,
Be,4,2,l0,2.20,2.46,2.74,-1.5794,0.4081,0.0459,0.0746,-0.0007,-0.0157
Be,4,2,l1,2.45,15.31,24.62,0.5140,-0.0694,-0.0457,-0.1549,-0.0300,0.0033
Be,4,2,l2,1.14,1.31,1.47,-0.5444,-0.3612,-0.0488,-0.0664,0.0129,0.0156
B,5,3,core,6.21,2.47,,1.6546,-0.6546,,,,
B,5,3,l0,3.85,4.24,4.78,-2.1425,0.4462,0.0505,0.0894,0.0031,-0.0166
B,5,3,l1,2.71,2.98,7.48,0.2076,0.0707,-0.1583,0.0919,-0.0411,0.0048
B,5,3,l2,1.97,2.46,2.77,-0.8961,-0.5528,-0.0688,-0.0508,-0.0069,0.0226
C,6,4,core,9.28,3.69,,1.5222,-0.5222,,,,
C,6,4,l0,5.99,6.75,7.84,-2.4586,0.5262,0.0468,0.0913,0.0037,-0.0171
C,6,4,l1,4.31,4.74,11.92,0.2520,0.0952,-0.1687,0.1009,-0.0447,0.0046
C,6,4,l2,2.97,3.63,3.97,-0.9890,-0.6244,-0.1027,-0.0602,0.0118,0.0223
N,7,5,core,12.87,5.12,,1.4504,-0.4504,,,,
N,7,5,l0,7.70,9.13,11.46,-2.7030,0.4479,0.0930,0.1109,-0.0006,-0.0208
N,7,5,l1,6.47,7.12,17.92,0.3085,0.1260,-0.1754,0.1091,-0.0483,0.0050
N,7,5,l2,4.15,4.95,5.36,-1.1252,-0.6889,-0.1081,-0.0669,0.0147,0.0292
O,8,6,core,18.09,7.19,,1.4224,-0.4224,,,,
O,8,6,l0,11.13,13.29,16.72,-3.0282,0.5619,0.0579,0.1023,0.0040,-0.0187
O,8,6,l1,9.31,10.24,26.07,0.3311,0.1360,-0.1867,0.1150,-0.0504,0.0051
O,8,6,l2,5.87,7.12,8.05,-1.2035,-0.7542,-0.1158,-0.0806,0.0128,0.0274
F,9,7,core,23.78,9.45,,1.3974,-0.3974,,,,
F,9,7,l0,14.86,17.23,20.40,-3.2328,0.6759,0.0344,0.1089,0.0108,-0.0196
F,9,7,l1,13.00,14.30,36.72,0.3796,0.1601,-0.1932,0.1203,-0.0524,0.0054
F,9,7,l2,7.78,9.02,10.17,-1.3425,-0.8033,-0.1176,-0.0850,0.0047,0.0285
F,9,7,so1,15.51,22.39,28.43,-0.0044,-0.0008,0.0002,0.0000,0.0000,0.0000
Ne,10,8,core,29.13,11.58,,1.3711,-0.3711,,,,
Ne,10,8,l0,17.61,20.97,26.47,-3.4264,0.6156,0.0747,0.1241,0.0070,-0.0226
Ne,10,8,l1,16.05,17.66,45.22,0.4077,0.1726,-0.2057,0.1283,-0.0560,0.0054
Ne,10,8,l2,9.17,11.32,12.33,-1.4102,-0.8951,-0.1337,-0.0911,0.0255,0.0450
Ne,10,8,so1,17.64,25.73,34.05,-0.0056,-0.0013,0.0002,0.0000,0.0000,0.0000
Na,11,1,core,1.71,0.50,,5.1815,-4.1815,,,,
Na,11,1,l0,0.99,1.10,1.24,-2.4718,0.3334,0.0619,0.0890,-0.0014,-0.0123
Na,11,1,l1,0.51,0.65,0.84,-1.6202,-0.4908,-0.0861,0.0375,-0.0161,0.0070
Na,11,1,l2,0.38,0.55,0.73,-0.9415,-0.9710,-0.2336,-0.0593,-0.0228,0.0455
Mg,12,2,core,2.04,0.81,,3.5602,-2.5602,,,,
Mg,12,2,l0,1.38,1.49,1.81,-2.8667,0.4554,0.0723,0.0876,-0.0015,-0.0142
Mg,12,2,l1,0.82,1.29,1.60,-1.9343,-0.2867,-0.0215,0.0264,0.0097,0.0038
Mg,12,2,l2,0.47,0.66,0.88,-1.1475,-1.0778,-0.3055,-0.0719,-0.0330,0.0588
Al,13,3,core,1.77,0.70,,1.7905,-0.7905,,,,
Al,13,3,l0,1.92,2.10,2.39,-2.6670,0.7075,0.0251,0.0608,-0.0134,-0.0161
Al,13,3,l1,0.82,1.13,1.51,-1.5706,-0.2352,0.0327,0.0262,-0.0090,-0.0047
Al,13,3,l2,1.36,1.59,1.77,-0.2574,-0.5358,-0.0668,-0.1835,0.0187,0.0551
Si,14,4,core,2.16,0.86,,1.6054,-0.6054,,,,
Si,14,4,l0,2.48,2.81,3.09,-3.0575,0.8096,0.0012,0.0511,-0.0217,-0.0128
Si,14,4,l1,1.24,1.60,2.12,-1.7966,-0.0986,0.0424,0.0284,-0.0030,-0.0039
Si,14,4,l2,1.89,2.22,2.48,-0.1817,-0.5634,-0.0944,-0.2168,0.0215,0.0588
P,15,5,core,2.59,1.03,,1.4995,-0.4995,,,,
P,15,5,l0,2.82,3.21,4.19,-3.3940,0.7363,0.0787,0.0639,-0.0318,-0.0103
P,15,5,l1,1.83,2.15,2.51,-2.0001,0.0851,0.0377,0.0271,-0.0008,-0.0044
P,15,5,l2,2.39,2.78,3.16,-0.1719,-0.6077,-0.1112,-0.2485,0.0206,0.0634
P,15,5,so1,0.43,0.53,0.70,-0.0073,-0.0042,-0.0008,-0.0011,0.0003,-0.0016
S,16,6,core,2.99,1.19,,1.4261,-0.4261,,,,
S,16,6,l0,3.37,3.71,4.69,-3.6230,0.8028,0.1087,0.0697,-0.0439,-0.0062
S,16,6,l1,2.09,2.67,3.51,-2.1440,0.0083,0.0601,0.0318,-0.0038,-0.0053
S,16,6,l2,2.97,3.48,3.97,-0.1018,-0.6482,-0.1307,-0.2799,0.0200,0.0672
S,16,6,so1,0.54,0.66,0.87,-0.0090,-0.0051,-0.0011,-0.0013,0.0003,-0.0020
Cl,17,7,core,3.48,1.38,,1.3860,-0.3860,,,,
Cl,17,7,l0,4.94,9.61,15.05,-3.6651,1.2609,-0.5528,-0.3237,0.0368,0.0150
Cl,17,7,l1,2.41,3.16,4.73,-2.3089,-0.0556,0.0784,0.0357,-0.0080,-0.0060
Cl,17,7,l2,4.04,4.83,5.40,0.0968,-0.6838,-0.1482,-0.3090,0.0218,0.0735
Cl,17,7,so1,0.70,0.86,1.10,-0.0112,-0.0059,-0.0010,-0.0015,0.0005,-0.0020
Ar,18,8,core,3.99,1.59,,1.3622,-0.3622,,,,
Ar,18,8,l0,4.67,5.28,6.26,-4.1009,0.9478,0.1062,0.0805,-0.0524,-0.0079
Ar,18,8,l1,2.91,3.69,6.16,-2.4688,-0.0363,0.0854,0.0374,-0.0108,-0.0067
Ar,18,8,l2,5.10,5.92,6.62,0.1771,-0.7316,-0.1536,-0.3351,0.0117,0.0742
Ar,18,8,so1,0.90,1.10,1.45,-0.0139,-0.0068,-0.0008,-0.0016,0.0009,-0.0018
K,19,1,core,1.42,0.26,,6.3140,-5.3140,,,,
K,19,1,l0,0.58,0.64,0.71,-3.9287,0.2938,-0.0613,0.1062,0.0000,-0.0092
K,19,1,l1,0.39,0.56,0.73,-3.2276,-0.4254,-0.1754,0.0803,0.0067,0.0111
K,19,1,l2,2.84,3.12,55.36,2.0774,-0.7044,-0.1248,-0.3174,-0.0802,-0.0004
Ca,20,2,core,1.61,0.45,,4.8360,-3.8360,,,,
Ca,20,2,l0,0.75,1.19,2.08,-4.7576,0.3179,-0.1286,0.0279,0.0520,0.0054
Ca,20,2,l1,0.67,2.23,2.99,-4.1513,0.0156,-0.1494,-0.2563,-0.0404,-0.0179
Ca,20,2,l2,6.92,24.35,86.59,3.0392,-1.0190,0.2634,0.4961,-0.0295,0.0089
Sc,21,3,core,3.96,0.69,,3.7703,-2.7703,,,,
Sc,21,3,l0,0.93,1.25,1.65,-6.0205,-0.3209,-0.4627,0.1373,0.0055,0.0174
Sc,21,3,l1,0.72,1.08,1.20,-5.0131,-0.9627,-0.7049,0.1062,-0.0850,0.0803
Sc,21,3,l2,5.01,5.96,6.78,2.3518,0.4640,-0.3980,0.2076,-0.1778,0.0562
Ti,22,4,core,4.68,0.94,,3.3889,-2.3889,,,,
Ti,22,4,l0,1.10,1.43,1.88,-6.4327,-0.3723,-0.5592,0.1547,-0.0074,0.0191
Ti,22,4,l1,0.85,1.28,1.42,-5.3910,-1.1136,-0.8023,0.1263,-0.1034,0.0851
Ti,22,4,l2,4.47,2.03,14.24,2.2908,-0.9185,0.4398,-0.5087,-0.1470,0.3404
Ti,22,4,so1,0.22,0.30,0.36,-0.0202,-0.0054,0.0011,-0.0007,0.0005,-0.0004
V,23,5,core,5.14,1.11,,2.9680,-1.9680,,,,
V,23,5,l0,1.23,1.54,1.97,-6.6485,-0.3951,-0.5795,0.1797,-0.0151,0.0176
V,23,5,l1,1.03,1.33,1.43,-5.5539,-0.9047,-0.8758,0.1629,-0.1369,0.0810
V,23,5,l2,4.60,3.28,17.66,2.4040,-1.2280,0.4141,-0.4851,-0.2405,0.3451
V,23,5,so1,0.57,1.30,1.36,-0.0221,0.0064,-0.0025,-0.0011,-0.0001,0.0000
V,23,5,so2,9.12,12.58,16.56,-0.0074,-0.0022,0.0011,-0.0004,0.0000,0.0002
Cr,24,6,core,5.19,1.37,,2.8897,-1.8897,,,,
Cr,24,6,l0,1.24,1.52,1.92,-6.5839,-0.7164,-0.6117,0.2379,-0.0291,0.0185
Cr,24,6,l1,0.89,1.33,1.67,-5.4905,-1.6271,-0.9456,0.2477,-0.1257,0.1132
Cr,24,6,l2,1.42,14.49,13.04,1.3296,2.4992,0.6775,0.2743,0.3172,0.1432
Cr,24,6,so1,0.23,0.34,0.45,-0.0237,-0.0091,0.0010,-0.0011,0.0012,-0.0005
Cr,24,6,so2,9.86,13.42,18.09,-0.0084,-0.0026,0.0013,-0.0005,0.0000,0.0002
Mn,25,7,core,6.03,1.63,,2.7024,-1.7024,,,,
Mn,25,7,l0,1.39,1.81,2.42,-7.0281,-0.8509,-0.6464,0.2240,-0.0292,0.0157
Mn,25,7,l1,1.17,1.64,1.77,-5.7836,-1.3330,-0.9789,0.2018,-0.1250,0.1188
Mn,25,7,l2,1.73,16.13,16.75,1.3989,2.5937,-0.6073,0.2667,-0.3079,0.1595
Mn,25,7,so1,0.26,0.37,0.47,-0.0261,-0.0094,0.0011,-0.0015,0.0013,-0.0006
Mn,25,7,so2,12.01,16.16,20.96,-0.0097,-0.0027,0.0012,-0.0005,0.0000,0.0002
Fe,26,8,core,6.51,1.91,,2.6179,-1.6179,,,,
Fe,26,8,l0,1.67,2.06,2.33,-7.2356,-0.5601,-0.6868,0.2287,-0.0271,0.0198
Fe,26,8,l1,1.22,1.77,1.96,-5.8685,-1.5627,-1.0392,0.2321,-0.1459,0.1258
Fe,26,8,l2,1.95,20.17,19.00,1.4849,2.7562,0.7649,0.2481,0.2996,0.1639
Fe,26,8,so1,0.28,0.40,0.51,-0.0283,-0.0104,0.0012,-0.0018,0.0015,-0.0007
Fe,26,8,so2,15.25,23.70,30.81,-0.0108,-0.0023,0.0009,0.0000,-0.0001,0.0001
Co,27,9,core,6.95,2.38,,2.7407,-1.7407,,,,
Co,27,9,l0,1.67,2.15,2.82,-7.3964,-1.0257,-0.7633,0.2532,-0.0369,0.0198
Co,27,9,l1,0.98,6.55,9.51,-5.5862,-2.7886,0.6251,0.2217,-0.1988,-0.0636
Co,27,9,l2,2.41,23.76,18.38,1.5732,2.6419,0.8724,0.3015,0.3376,0.1447
Co,27,9,so1,0.25,0.32,0.41,-0.0273,-0.0124,-0.0008,-0.0022,0.0021,-0.0019
Co,27,9,so2,11.21,13.48,15.68,-0.0103,-0.0048,-0.0012,0.0000,0.0001,-0.0001
Ni,28,10,core,7.60,2.74,,2.6949,-1.6949,,,,
Ni,28,10,l0,1.80,2.38,3.17,-7.5612,-1.1512,-0.8213,0.2546,-0.0351,0.0228
Ni,28,10,l1,1.18,2.10,2.59,-5.8322,-2.4306,-1.2453,0.2729,-0.1929,0.1633
Ni,28,10,l2,2.53,33.55,26.60,1.5867,2.9229,-0.6560,0.2811,-0.2986,0.1867
Ni,28,10,so1,0.51,1.29,1.50,-0.0324,0.0022,0.0034,0.0025,-0.0008,-0.0003
Ni,28,10,so2,18.01,24.17,31.75,-0.0155,-0.0044,0.0016,-0.0008,0.0001,0.0002
Cu,29,11,core,7.59,3.02,,2.6959,-1.6959,,,,
Cu,29,11,l0,1.75,2.32,3.09,-7.2915,-1.4275,-0.8717,0.3180,-0.0558,0.0289
Cu,29,11,l1,1.25,7.80,10.93,-5.8592,-2.6799,0.6113,0.1380,-0.2028,-0.0691
Cu,29,11,l2,2.78,25.70,27.47,1.7433,3.0657,-0.7516,0.2519,-0.2938,0.1973
Cu,29,11,so1,0.54,1.44,1.73,-0.0347,0.0022,0.0035,0.0029,-0.0008,-0.0003
Cu,29,11,so2,19.55,28.16,37.61,-0.0158,-0.0042,0.0012,-0.0004,0.0000,0.0001
Zn,30,12,core,8.78,3.49,,2.6313,-1.6313,,,,
Zn,30,12,l0,2.11,2.80,3.67,-7.8453,-1.2476,-0.9016,0.2734,-0.0392,0.0280
Zn,30,12,l1,1.38,2.54,3.12,-6.0406,-2.6215,-1.3062,0.2663,-0.2050,0.1599
Zn,30,12,l2,3.09,32.58,30.83,1.7225,3.1083,0.9207,0.2519,0.2946,0.1898
Zn,30,12,so1,0.58,1.48,1.72,-0.0374,0.0024,0.0041,0.0029,-0.0009,-0.0004
Zn,30,12,so2,16.48,18.18,25.99,-0.0165,-0.0077,-0.0025,0.0000,0.0001,-0.0001
Ga,31,3,core,2.01,0.80,,4.0433,-3.0433,,,,
Ga,31,3,l0,2.01,2.23,2.59,-3.9018,0.8835,0.0370,0.1642,0.0385,-0.0110
Ga,31,3,l1,1.23,1.71,2.29,-2.9715,0.0100,0.0161,0.0992,0.0525,0.0134
Ga,31,3,l2,1.10,1.30,1.48,-3.1017,-0.1879,0.0293,-0.0140,-0.0692,-0.0181
Ga,31,3,so1,0.34,0.45,0.61,-0.0369,-0.0168,0.0001,-0.0043,0.0031,-0.0032
Ge,32,4,core,2.28,0.91,,3.1110,-2.1110,,,,
Ge,32,4,l0,2.22,2.45,2.87,-4.2628,0.8653,0.0826,0.1446,0.0039,-0.0226
Ge,32,4,l1,1.79,2.29,2.72,-3.2382,0.5131,-0.1044,0.0547,0.0545,0.0175
Ge,32,4,l2,1.42,1.53,2.07,-3.2171,0.0215,0.0052,-0.0495,-0.0816,-0.0175
Ge,32,4,so1,0.48,0.69,0.88,-0.0487,-0.0181,0.0025,-0.0040,0.0026,-0.0021
As,33,5,core,2.60,1.03,,2.6218,-1.6218,,,,
As,33,5,l0,2.41,2.77,3.52,-4.7162,0.7952,0.1146,0.1326,-0.0152,-0.0269
As,33,5,l1,1.74,1.92,2.42,-3.7141,0.1877,0.0987,0.0830,-0.0171,-0.0106
As,33,5,l2,1.67,1.93,2.22,-3.3845,0.0948,-0.0020,-0.0478,-0.0789,-0.0227
As,33,5,so1,0.67,1.10,1.37,-0.0624,-0.0173,0.0054,-0.0023,0.0012,-0.0014
Se,34,6,core,2.88,1.14,,2.2934,-1.2934,,,,
Se,34,6,l0,2.64,3.16,4.27,-5.1201,0.7585,0.1318,0.1236,-0.0295,-0.0280
Se,34,6,l1,2.04,2.30,2.83,-4.0006,0.3139,0.0941,0.0789,-0.0179,-0.0122
Se,34,6,l2,1.90,2.32,2.59,-3.5118,0.1192,-0.0001,-0.0485,-0.0758,-0.0224
Se,34,6,so1,0.78,1.22,1.51,-0.0715,-0.0191,0.0048,-0.0021,0.0004,-0.0017
Br,35,7,core,3.20,1.27,,2.1007,-1.1007,,,,
Br,35,7,l0,3.07,3.66,4.89,-5.5059,0.9501,0.0931,0.1101,-0.0322,-0.0279
Br,35,7,l1,2.37,2.76,3.29,-4.3404,0.4232,0.0832,0.0741,-0.0192,-0.0121
Br,35,7,l2,2.26,2.66,2.97,-3.6741,0.2350,-0.0095,-0.0527,-0.0789,-0.0247
Br,35,7,so1,0.91,1.53,1.90,-0.0806,-0.0191,0.0064,-0.0009,-0.0005,-0.0018
Kr,36,8,core,3.49,1.39,,1.9478,-0.9478,,,,
Kr,36,8,l0,3.45,3.99,4.73,-5.6969,1.1088,0.0608,0.1088,-0.0277,-0.0306
Kr,36,8,l1,2.70,3.28,3.97,-4.6594,0.5027,0.0713,0.0671,-0.0210,-0.0113
Kr,36,8,l2,2.62,3.05,3.45,-3.8018,0.3188,-0.0171,-0.0609,-0.0845,-0.0267
Kr,36,8,so1,0.66,0.73,0.93,-0.0811,-0.0419,-0.0132,0.0041,0.0065,0.0027
Kr,36,8,so2,0.60,0.74,0.97,-0.0115,-0.0053,-0.0035,-0.0009,0.0009,-0.0003
Rb,37,1,core,1.37,0.21,,6.8301,-5.8301,,,,
Rb,37,1,l0,0.37,0.41,0.57,-4.6310,-0.5824,-0.0743,0.1298,-0.0764,0.0240
Rb,37,1,l1,0.35,0.54,0.71,-4.0288,-0.4084,-0.2697,0.0623,0.0150,0.0192
Rb,37,1,l2,1.05,1.17,1.52,-1.4261,-0.4197,0.2694,0.0335,-0.1074,-0.0399
Rb,37,1,so1,0.08,0.10,0.13,-0.0499,-0.0176,-0.0011,-0.0033,-0.0013,0.0003
Sr,38,2,core,1.52,0.33,,4.8514,-3.8514,,,,
Sr,38,2,l0,0.61,0.97,2.17,-5.4936,0.3031,-0.1884,-0.0028,0.0727,0.0092
Sr,38,2,l1,0.55,1.05,1.36,-5.0728,0.1477,-0.3858,-0.2429,-0.0199,0.0028
Sr,38,2,l2,2.02,2.26,2.56,-1.4177,-0.0612,0.1422,-0.0207,-0.1026,-0.0369
Sr,38,2,so1,0.15,0.23,0.28,-0.0551,0.0022,0.0085,0.0027,-0.0039,0.0009
Sr,38,2,so2,0.53,0.80,0.98,-0.0083,-0.0030,0.0023,-0.0014,0.0003,0.0009
Y,39,3,core,2.06,0.49,,4.1719,-3.1719,,,,
Y,39,3,l0,0.68,1.24,1.98,-6.3823,-0.0887,-0.2111,0.0629,0.0746,0.0165
Y,39,3,l1,0.60,1.00,1.30,-5.8849,-0.3215,-0.4611,-0.1168,0.0024,0.0164
Y,39,3,l2,2.18,3.16,4.15,-2.0082,-0.1203,0.1371,0.0065,-0.0849,-0.0434
Y,39,3,so1,0.17,0.26,0.32,-0.0643,-0.0024,0.0092,0.0016,-0.0033,0.0009
Y,39,3,so2,0.68,1.12,1.40,-0.0105,-0.0038,0.0027,-0.0010,0.0002,0.0015
Zr,40,4,core,2.28,0.66,,3.9162,-2.9162,,,,
Zr,40,4,l0,0.77,1.40,2.52,-6.8451,-0.1478,-0.2403,0.0514,0.0956,0.0188
Zr,40,4,l1,0.85,1.24,1.41,-6.3813,0.2719,-0.6486,-0.2569,-0.0428,0.0025
Zr,40,4,l2,3.15,4.09,4.77,-2.2570,0.2031,0.0482,-0.0127,-0.0734,-0.0457
Zr,40,4,so1,0.20,0.30,0.37,-0.0685,0.0012,0.0113,0.0020,-0.0039,0.0015
Zr,40,4,so2,1.09,1.48,1.60,-0.0136,-0.0024,0.0030,-0.0010,-0.0002,0.0013
Nb,41,5,core,2.41,0.82,,3.7419,-2.7419,,,,
Nb,41,5,l0,0.83,1.69,2.01,-7.2106,-0.3737,-0.1856,0.0776,0.0762,0.0198
Nb,41,5,l1,0.68,1.03,1.35,-6.6026,-0.8640,-0.5452,0.0161,0.0149,0.0212
Nb,41,5,l2,3.62,4.74,5.57,-2.3809,0.2602,0.0288,-0.0238,-0.0757,-0.0479
Nb,41,5,so1,0.17,0.22,0.29,-0.0799,-0.0241,0.0036,-0.0033,0.0007,0.0008
Nb,41,5,so2,0.72,0.78,0.92,-0.0134,-0.0081,-0.0021,0.0002,0.0026,-0.0024
Mo,42,6,core,2.57,1.02,,3.8044,-2.8044,,,,
Mo,42,6,l0,1.00,1.55,2.17,-7.6953,-0.1283,-0.3159,0.0214,0.0723,0.0147
Mo,42,6,l1,0.74,1.07,1.36,-6.8483,-1.0260,-0.6387,0.0532,0.0128,0.0265
Mo,42,6,l2,4.23,5.56,6.47,-2.5781,0.3659,-0.0090,-0.0332,-0.0734,-0.0487
Mo,42,6,so1,0.31,0.87,1.04,-0.0933,0.0030,0.0032,0.0037,0.0016,0.0010
Mo,42,6,so2,0.77,0.85,1.07,-0.0145,-0.0088,-0.0038,-0.0044,-0.0043,-0.0074
Tc,43,7,core,2.82,1.12,,3.3669,-2.3669,,,,
Tc,43,7,l0,1.32,1.66,2.02,-7.9427,0.8094,-0.5052,-0.0255,0.0585,0.0144
Tc,43,7,l1,0.81,1.16,1.53,-7.1478,-1.0526,-0.6331,0.0629,0.0107,0.0183
Tc,43,7,l2,4.26,6.15,8.18,-2.6530,0.2013,0.0267,-0.0522,-0.0924,-0.0489
Tc,43,7,so1,0.20,0.25,0.33,-0.0931,-0.0313,0.0012,-0.0048,0.0004,-0.0004
Tc,43,7,so2,0.86,0.95,1.37,-0.0167,-0.0106,-0.0044,-0.0018,-0.0011,-0.0049
Ru,44,8,core,3.00,1.19,,3.0213,-2.0213,,,,
Ru,44,8,l0,1.22,1.75,2.82,-8.1233,0.1070,-0.3548,-0.0128,0.0818,0.0112
Ru,44,8,l1,0.85,1.13,1.42,-7.2337,-1.1230,-0.6771,0.1463,-0.0095,0.0235
Ru,44,8,l2,4.85,6.67,9.05,-2.6367,0.2226,0.0153,-0.0886,-0.1145,-0.0537
Ru,44,8,so1,0.30,0.48,0.54,-0.1068,-0.0140,0.0086,0.0006,-0.0003,-0.0014
Ru,44,8,so2,1.06,1.19,1.63,-0.0195,-0.0115,-0.0039,-0.0021,-0.0004,-0.0044
Rh,45,9,core,3.21,1.28,,2.7857,-1.7857,,,,
Rh,45,9,l0,1.26,1.45,1.84,-8.3853,-0.0860,-0.3080,0.1507,0.0181,-0.0144
Rh,45,9,l1,0.86,1.17,1.57,-7.2953,-1.3860,-0.7192,0.1676,-0.0091,0.0217
Rh,45,9,l2,5.53,7.41,9.84,-2.6828,0.2534,-0.0003,-0.1204,-0.1344,-0.0573
Rh,45,9,so1,0.29,0.49,0.60,-0.1129,-0.0246,0.0091,-0.0006,0.0006,-0.0016
Rh,45,9,so2,1.47,1.65,1.84,-0.0235,-0.0108,-0.0017,-0.0021,0.0011,-0.0028
Pd,46,10,core,3.31,1.32,,2.5256,-1.5256,,,,
Pd,46,10,l0,1.39,1.58,1.90,-8.4880,0.1180,-0.2996,0.1352,0.0299,-0.0156
Pd,46,10,l1,1.02,1.18,1.36,-7.3583,-0.8758,-0.7000,0.2071,-0.0150,0.0246
Pd,46,10,l2,5.67,7.48,9.90,-2.5474,0.1555,0.0320,-0.1258,-0.1435,-0.0551
Pd,46,10,so1,0.29,0.50,0.61,-0.1179,-0.0320,0.0091,-0.0019,0.0016,-0.0019
Pd,46,10,so2,1.30,1.47,1.86,-0.0234,-0.0134,-0.0045,-0.0024,-0.0008,-0.0052
Ag,47,11,core,3.53,1.41,,2.3857,-1.3857,,,,
Ag,47,11,l0,1.37,1.66,2.10,-8.6835,-0.3273,-0.2831,0.1536,0.0235,-0.0201
Ag,47,11,l1,1.06,1.23,1.38,-7.4504,-1.0227,-0.7357,0.2462,-0.0283,0.0285
Ag,47,11,l2,6.39,8.34,11.05,-2.6206,0.1731,0.0226,-0.1551,-0.1601,-0.0569
Ag,47,11,so1,0.29,0.49,0.64,-0.1220,-0.0388,0.0082,-0.0033,0.0025,-0.0023
Ag,47,11,so2,1.54,1.83,2.34,-0.0269,-0.0147,-0.0040,-0.0020,0.0004,-0.0035
Cd,48,12,core,3.91,1.56,,2.3128,-1.3128,,,,
Cd,48,12,l0,1.56,1.87,2.35,-9.1206,-0.0844,-0.3042,0.1489,0.0246,-0.0192
Cd,48,12,l1,1.16,1.38,1.54,-7.8625,-1.0969,-0.7517,0.2497,-0.0418,0.0235
Cd,48,12,l2,7.28,9.47,12.62,-2.8771,0.2491,-0.0034,-0.1818,-0.1768,-0.0596
Cd,48,12,so1,0.48,1.36,1.63,-0.1396,-0.0013,0.0081,0.0059,0.0018,0.0014
Cd,48,12,so2,1.84,2.25,2.96,-0.0308,-0.0156,-0.0035,-0.0018,0.0008,-0.0022
In,49,3,core,1.79,0.71,,6.7251,-5.7251,,,,
In,49,3,l0,1.09,1.66,2.96,-6.3577,-0.3902,0.2686,0.3024,0.0096,-0.0218
In,49,3,l1,0.99,1.24,1.53,-5.1150,-0.0727,-0.0221,0.1552,0.0791,0.0139
In,49,3,l2,0.64,0.72,0.91,-5.2975,-1.1521,-0.3480,0.0497,-0.0493,0.0448
In,49,3,so1,0.31,0.49,0.61,-0.1208,-0.0381,0.0107,-0.0080,0.0054,-0.0041
In,49,3,so2,0.20,0.29,0.39,-0.0203,-0.0060,-0.0001,0.0005,-0.0011,-0.0006
Sn,50,4,core,1.97,0.78,,5.0086,-4.0086,,,,
Sn,50,4,l0,1.48,1.93,2.82,-6.7306,0.4760,0.1040,0.2141,0.0298,-0.0166
Sn,50,4,l1,1.28,1.59,1.94,-5.5160,0.5027,-0.0915,0.1143,0.0767,0.0122
Sn,50,4,l2,1.06,1.32,1.49,-5.6362,0.0969,-0.2082,-0.0945,-0.0746,-0.0179
Sn,50,4,so1,0.41,0.77,0.94,-0.1525,-0.0372,0.0173,-0.0036,0.0036,-0.0036
Sn,50,4,so2,0.24,0.29,0.38,-0.0203,-0.0047,0.0005,0.0004,-0.0014,0.0011
Sb,51,5,core,2.12,0.85,,4.0534,-3.0534,,,,
Sb,51,5,l0,1.81,2.19,2.81,-7.0275,1.0069,-0.0067,0.1620,0.0202,-0.0189
Sb,51,5,l1,1.51,1.90,2.29,-5.7588,0.8375,-0.1826,0.0699,0.0757,0.0149
Sb,51,5,l2,1.27,1.42,1.57,-5.7899,0.4770,-0.2460,-0.0974,-0.0660,-0.0104
Sb,51,5,so1,0.57,0.93,0.97,-0.1759,-0.0179,0.0166,-0.0029,0.0038,-0.0035
Sb,51,5,so2,0.28,0.34,0.45,-0.0233,-0.0060,0.0004,0.0001,-0.0010,0.0007
Te,52,6,core,2.37,0.95,,3.5696,-2.5696,,,,
Te,52,6,l0,2.07,2.46,3.08,-7.4702,1.3178,-0.0530,0.1393,0.0120,-0.0217
Te,52,6,l1,1.61,1.84,2.40,-6.5344,0.7242,-0.0138,0.1103,0.0171,-0.0121
Te,52,6,l2,1.48,1.85,2.15,-6.1700,0.5686,-0.2999,-0.1996,-0.1109,-0.0218
Te,52,6,so1,0.48,0.63,0.84,-0.1852,-0.0511,0.0105,-0.0064,0.0008,0.0043
Te,52,6,so2,0.37,0.48,0.62,-0.0194,0.0016,0.0040,0.0010,-0.0027,0.0021
I,53,7,core,2.52,1.01,,3.0856,-2.0856,,,,
I,53,7,l0,2.08,2.47,3.13,-7.7267,1.0339,0.0336,0.1559,-0.0105,-0.0262
I,53,7,l1,1.80,2.11,2.63,-6.8333,0.9051,-0.0462,0.0953,0.0055,-0.0101
I,53,7,l2,1.70,2.12,2.47,-6.3176,0.8200,-0.3541,-0.2309,-0.1198,-0.0235
I,53,7,so1,0.40,0.70,2.64,-0.1789,-0.0723,0.0216,-0.0041,-0.0162,0.0105
I,53,7,so2,0.42,0.58,0.77,-0.0208,0.0026,0.0051,0.0012,-0.0029,0.0021
Xe,54,8,core,2.63,1.05,,2.6837,-1.6837,,,,
Xe,54,8,l0,2.47,2.85,3.29,-7.7726,1.6588,-0.0902,0.1167,-0.0116,-0.0293
Xe,54,8,l1,1.81,2.13,2.70,-6.8951,0.7362,0.0358,0.1124,-0.0019,-0.0182
Xe,54,8,l2,1.83,2.13,2.31,-6.4148,0.9902,-0.3344,-0.1465,-0.0759,-0.0148
Xe,54,8,so1,0.42,0.46,0.63,-0.2015,-0.0957,-0.0233,-0.0063,0.0113,-0.0062
Xe,54,8,so2,0.44,0.64,0.85,-0.0302,-0.0059,0.0031,-0.0001,-0.0010,0.0007
Cs,55,1,core,1.29,0.17,,7.8924,-6.8924,,,,
Cs,55,1,l0,0.38,0.70,0.89,-5.7556,-0.0946,-0.2594,0.0450,0.0541,0.0198
Cs,55,1,l1,0.27,0.46,0.58,-4.8922,-0.7649,-0.4366,0.0622,0.0028,0.0469
Cs,55,1,l2,0.47,0.52,0.67,-2.3938,-0.9885,-0.1755,0.0125,0.0751,0.0712
Cs,55,1,l3,0.17,0.31,0.51,-1.8177,-2.8221,-0.5775,-0.0553,-0.1098,0.1666
Cs,55,1,so1,0.10,0.29,0.35,-0.1297,-0.0030,0.0090,0.0061,0.0007,0.0007
Cs,55,1,so2,0.21,0.32,0.39,-0.0156,-0.0058,0.0045,-0.0028,0.0005,0.0018
Ba,56,2,core,1.34,0.25,,5.3338,-4.3338,,,,
Ba,56,2,l0,0.57,0.72,0.87,-6.5072,0.8849,-0.4698,-0.0209,0.0373,0.0135
Ba,56,2,l1,0.46,0.72,0.90,-6.1261,0.2875,-0.6345,-0.2950,-0.0459,0.0019
Ba,56,2,l2,0.72,0.79,1.18,-2.9066,-0.6623,-0.0283,-0.0097,0.0316,0.0372
Ba,56,2,l3,4.48,11.55,17.54,10.4771,1.7858,-0.1905,0.8932,-0.2398,0.3013
Ba,56,2,so1,0.11,0.17,0.21,-0.1239,0.0107,0.0291,0.0021,-0.0074,0.0043
Ba,56,2,so2,0.33,0.57,0.69,-0.0234,-0.0073,0.0057,-0.0023,0.0000,0.0013
Ba,56,2,so3,13.56,19.09,20.63,-0.1393,0.0474,0.1806,-0.0608,-0.0421,0.0630
La,57,11,core,5.00,2.00,,3.2494,-2.2494,,,,
La,57,11,l0,2.56,2.79,3.40,-10.6839,0.0617,0.0545,0.2446,-0.0025,-0.0350
La,57,11,l1,2.55,3.03,3.81,-10.0938,0.4797,-0.1510,0.1225,0.0262,-0.0149
La,57,11,l2,1.50,2.79,3.32,-8.3844,-1.8837,-0.3217,0.0580,0.0317,0.0179
La,57,11,l3,4.64,9.39,30.90,5.0661,3.1425,-0.7802,0.4424,-0.5445,0.1727
La,57,11,so1,0.55,1.59,1.65,-0.2335,-0.0690,0.0741,-0.0095,-0.0049,0.0028
La,57,11,so2,0.41,0.56,0.66,-0.0249,-0.0048,0.0056,-0.0018,-0.0001,0.0025
La,57,11,so3,11.37,15.03,19.99,-0.0272,-0.0065,0.0089,-0.0016,-0.0019,0.0022
Ce,58,12,core,5.32,2.13,,3.0538,-2.0538,,,,
Ce,58,12,l0,2.95,3.31,3.97,-11.2263,0.5418,0.0074,0.2271,0.0132,-0.0307
Ce,58,12,l1,2.66,3.16,3.95,-10.2554,0.4195,-0.1454,0.1292,0.0305,-0.0182
Ce,58,12,l2,1.59,2.92,3.40,-8.5475,-1.9114,-0.3301,0.0719,0.0353,0.0202
Ce,58,12,l3,5.44,11.16,38.88,5.5065,3.1187,-0.9227,0.3404,-0.4913,0.0987
Ce,58,12,so1,0.70,0.80,0.90,-0.2686,-0.0795,0.0154,-0.0245,0.0205,-0.0062
Ce,58,12,so2,0.35,0.59,0.73,-0.0247,-0.0084,0.0059,-0.0020,0.0005,0.0030
Ce,58,12,so3,13.01,17.35,23.09,-0.0301,-0.0073,0.0086,-0.0015,-0.0018,0.0020
Pr,59,13,core,5.53,2.21,,2.8422,-1.8422,,,,
Pr,59,13,l0,2.95,3.45,4.30,-11.2831,0.2599,0.0406,0.2377,0.0103,-0.0342
Pr,59,13,l1,2.79,3.28,4.05,-10.2961,0.4690,-0.1388,0.1338,0.0338,-0.0204
Pr,59,13,l2,0.83,1.27,3.92,-7.3276,-4.5230,-1.9614,-0.0697,-0.0213,-0.0179
Pr,59,13,l3,5.48,12.47,36.99,5.7790,3.5755,-0.8505,0.3427,-0.6118,0.2323
Pr,59,13,so1,0.86,1.23,1.60,-0.2966,-0.0571,0.0381,-0.0160,-0.0014,-0.0022
Pr,59,13,so2,0.36,0.57,0.71,-0.0251,-0.0087,0.0060,-0.0026,0.0016,0.0033
Pr,59,13,so3,15.00,20.26,26.28,-0.0382,-0.0082,0.0126,-0.0020,-0.0026,0.0027
Nd,60,14,core,5.69,2.28,,2.6639,-1.6639,,,,
Nd,60,14,l0,3.07,3.62,4.52,-11.2815,0.2837,0.0442,0.2418,0.0171,-0.0362
Nd,60,14,l1,2.85,3.39,4.25,-10.3011,0.3799,-0.1090,0.1422,0.0351,-0.0236
Nd,60,14,l2,0.96,1.20,3.92,-7.6071,-4.0643,-2.0017,-0.0662,-0.0387,-0.0086
Nd,60,14,l3,5.67,13.03,39.55,5.9335,3.6380,-0.8933,0.3147,-0.6081,0.2074
Nd,60,14,so1,0.92,1.38,1.77,-0.3183,-0.0626,0.0371,-0.0132,-0.0033,-0.0050
Nd,60,14,so2,0.37,0.59,0.73,-0.0258,-0.0091,0.0062,-0.0027,0.0016,0.0036
Nd,60,14,so3,15.35,20.51,27.37,-0.0329,-0.0085,0.0071,-0.0014,-0.0014,0.0016
Pm,61,15,core,5.91,2.36,,2.5202,-1.5202,,,,
Pm,61,15,l0,3.19,3.78,4.74,-11.3168,0.2798,0.0443,0.2472,0.0227,-0.0376
Pm,61,15,l1,2.86,3.49,4.44,-10.3472,0.1553,-0.0743,0.1570,0.0311,-0.0269
Pm,61,15,l2,0.85,1.45,3.63,-7.2561,-4.8386,-1.8650,0.0453,-0.1202,0.0318
Pm,61,15,l3,6.47,15.12,45.49,6.4562,3.6610,-0.9714,0.2472,-0.6095,0.1915
Pm,61,15,so1,0.96,1.45,1.85,-0.3384,-0.0732,0.0340,-0.0132,-0.0033,-0.0070
Pm,61,15,so2,0.39,0.65,0.79,-0.0270,-0.0092,0.0067,-0.0023,0.0004,0.0037
Pm,61,15,so3,17.63,23.78,31.49,-0.0386,-0.0096,0.0082,-0.0016,-0.0015,0.0017
Sm,62,16,core,6.07,2.43,,2.3958,-1.3958,,,,
Sm,62,16,l0,2.98,3.72,5.53,-11.2993,-0.4408,0.1275,0.2692,-0.0008,-0.0461
Sm,62,16,l1,2.92,3.58,4.60,-10.3462,0.0665,-0.0513,0.1662,0.0287,-0.0292
Sm,62,16,l2,0.88,1.48,3.69,-7.2714,-4.8568,-1.8893,0.0443,-0.1299,0.0379
Sm,62,16,l3,7.25,15.09,66.56,6.7894,3.4372,-1.0144,0.2271,-0.5059,-0.0087
Sm,62,16,so1,0.98,1.48,1.91,-0.3568,-0.0880,0.0299,-0.0145,-0.0033,-0.0087
Sm,62,16,so2,0.39,0.65,0.81,-0.0275,-0.0101,0.0068,-0.0027,0.0011,0.0040
Sm,62,16,so3,18.09,24.34,32.44,-0.0376,-0.0100,0.0066,-0.0015,-0.0012,0.0014
Eu,63,17,core,6.24,2.50,,2.2886,-1.2886,,,,
Eu,63,17,l0,3.21,4.09,5.57,-11.2950,-0.1543,0.1098,0.2707,0.0230,-0.0448
Eu,63,17,l1,2.95,3.63,4.86,-10.3464,-0.0883,-0.0251,0.1764,0.0249,-0.0323
Eu,63,17,l2,0.91,1.58,3.92,-7.2842,-4.9156,-1.8075,0.0301,-0.1176,0.0220
Eu,63,17,l3,7.15,16.06,65.19,6.8341,3.6642,-1.0629,0.1867,-0.5247,0.0133
Eu,63,17,so1,1.00,1.46,1.84,-0.3752,-0.1035,0.0222,-0.0170,-0.0037,-0.0103
Eu,63,17,so2,0.41,0.67,0.84,-0.0285,-0.0102,0.0071,-0.0027,0.0008,0.0042
Eu,63,17,so3,18.63,24.42,32.39,-0.0351,-0.0100,0.0037,-0.0013,-0.0004,0.0008
Gd,64,18,core,6.47,2.59,,2.2076,-1.2076,,,,
Gd,64,18,l0,3.23,4.13,6.14,-11.3219,-0.3734,0.1301,0.2828,0.0210,-0.0494
Gd,64,18,l1,3.03,3.78,4.94,-10.3903,-0.0394,-0.0334,0.1793,0.0281,-0.0326
Gd,64,18,l2,0.94,1.44,3.72,-7.3243,-4.8653,-2.1397,0.0450,-0.1612,0.0740
Gd,64,18,l3,6.09,20.42,52.53,6.6458,4.7028,-1.2897,-0.0164,-0.6041,0.2209
Gd,64,18,so1,1.09,1.63,2.03,-0.3951,-0.0976,0.0279,-0.0153,-0.0022,-0.0122
Gd,64,18,so2,0.50,0.73,0.77,-0.0305,-0.0069,0.0078,-0.0025,-0.0003,0.0041
Gd,64,18,so3,21.53,28.93,38.31,-0.0443,-0.0115,0.0068,-0.0015,-0.0011,0.0014
Tb,65,19,core,7.15,2.86,,2.2267,-1.2267,,,,
Tb,65,19,l0,4.01,4.85,6.06,-12.1597,0.5455,-0.0178,0.2425,0.0331,-0.0375
Tb,65,19,l1,3.78,4.86,5.79,-11.0516,0.7319,-0.2260,0.1016,0.0552,-0.0174
Tb,65,19,l2,0.89,1.13,4.80,-7.3381,-5.1014,-3.1648,-0.2815,-0.0193,-0.0042
Tb,65,19,l3,8.09,19.92,63.65,6.9653,3.8278,-1.1642,0.1398,-0.5686,0.0998
Tb,65,19,so1,1.41,1.81,1.93,-0.3912,-0.0063,0.0578,-0.0148,-0.0044,-0.0012
Tb,65,19,so2,0.41,0.61,0.72,-0.0281,-0.0099,0.0075,-0.0033,0.0019,0.0057
Tb,65,19,so3,22.20,29.71,38.86,-0.0484,-0.0120,0.0095,-0.0020,-0.0016,0.0019
Dy,66,20,core,7.34,2.94,,2.1510,-1.1510,,,,
Dy,66,20,l0,3.94,4.90,6.48,-12.1853,0.1544,0.0476,0.2623,0.0186,-0.0420
Dy,66,20,l1,3.60,4.46,6.43,-11.0914,0.1925,-0.0897,0.1503,0.0384,-0.0288
Dy,66,20,l2,0.98,1.07,4.95,-7.5499,-4.8079,-3.2512,-0.3080,-0.0226,-0.0046
Dy,66,20,l3,8.61,19.67,77.81,7.1684,3.7722,-1.1300,0.1562,-0.5380,0.0147
Dy,66,20,so1,1.29,1.99,2.49,-0.4123,-0.0485,0.0612,-0.0107,-0.0066,-0.0044
Dy,66,20,so2,0.49,0.64,0.69,-0.0302,-0.0074,0.0079,-0.0028,0.0009,0.0063
Dy,66,20,so3,22.54,30.35,40.40,-0.0418,-0.0123,0.0028,-0.0011,-0.0003,0.0005
Ho,67,21,core,7.61,3.04,,2.0909,-1.0909,,,,
Ho,67,21,l0,4.30,5.13,6.43,-12.2311,0.5302,-0.0108,0.2540,0.0334,-0.0391
Ho,67,21,l1,3.74,4.54,6.51,-11.1537,0.1971,-0.0920,0.1570,0.0362,-0.0296
Ho,67,21,l2,1.00,1.12,4.98,-7.5630,-4.9238,-3.2952,-0.2738,-0.0489,0.0187
Ho,67,21,l3,9.47,22.29,67.95,7.6062,3.8647,-1.0828,0.1853,-0.6586,0.1766
Ho,67,21,so1,1.39,1.97,2.37,-0.4390,-0.0516,0.0543,-0.0134,-0.0056,-0.0054
Ho,67,21,so2,0.46,0.63,0.73,-0.0302,-0.0094,0.0081,-0.0039,0.0021,0.0061
Ho,67,21,so3,26.02,34.97,46.35,-0.0529,-0.0141,0.0064,-0.0017,-0.0009,0.0012
Er,68,22,core,7.81,3.12,,2.0304,-1.0304,,,,
Er,68,22,l0,4.43,5.33,6.72,-12.2358,0.5076,-0.0062,0.2585,0.0377,-0.0401
Er,68,22,l1,4.07,4.86,6.27,-11.1562,0.5467,-0.1428,0.1454,0.0442,-0.0260
Er,68,22,l2,1.03,1.13,4.91,-7.5853,-4.9303,-3.3638,-0.2337,-0.0844,0.0554
Er,68,22,l3,10.49,22.24,96.01,7.9047,3.6124,-1.1072,0.1830,-0.5547,-0.0141
Er,68,22,so1,1.30,1.95,2.51,-0.4587,-0.0952,0.0492,-0.0166,-0.0052,-0.0060
Er,68,22,so2,0.47,0.65,0.75,-0.0311,-0.0098,0.0084,-0.0041,0.0022,0.0064
Er,68,22,so3,26.84,36.06,47.83,-0.0523,-0.0144,0.0047,-0.0014,-0.0006,0.0008
Tm,69,23,core,8.00,3.20,,1.9772,-0.9772,,,,
Tm,69,23,l0,4.33,5.37,7.25,-12.2384,0.0973,0.0615,0.2781,0.0234,-0.0452
Tm,69,23,l1,4.16,5.01,6.32,-11.1663,0.4813,-0.1266,0.1557,0.0407,-0.0272
Tm,69,23,l2,0.99,1.09,4.76,-7.4010,-5.0757,-3.6580,-0.2274,-0.1009,0.1168
Tm,69,23,l3,10.70,23.01,97.41,8.0188,3.7007,-1.1219,0.1746,-0.5675,-0.0096
Tm,69,23,so1,1.63,2.12,2.44,-0.4907,-0.0433,0.0484,-0.0127,-0.0049,-0.0093
Tm,69,23,so2,0.46,0.82,1.03,-0.0329,-0.0119,0.0088,-0.0014,-0.0036,0.0052
Tm,69,23,so3,27.19,36.08,47.95,-0.0507,-0.0151,0.0022,-0.0013,0.0000,0.0004
Yb,70,24,core,8.21,3.28,,1.9271,-0.9271,,,,
Yb,70,24,l0,4.75,5.66,7.29,-12.2213,0.5562,-0.0038,0.2658,0.0464,-0.0411
Yb,70,24,l1,4.28,5.16,6.51,-11.1769,0.4612,-0.1191,0.1603,0.0419,-0.0283
Yb,70,24,l2,0.92,1.01,5.25,-7.1961,-5.2544,-4.0282,-0.4326,-0.0233,0.0352
Yb,70,24,l3,10.84,23.34,104.93,8.1067,3.8237,-1.1214,0.1763,-0.5767,-0.0296
Yb,70,24,so1,1.80,2.35,2.52,-0.5165,-0.0274,0.0481,-0.0093,-0.0027,-0.0100
Yb,70,24,so2,0.39,0.59,0.75,-0.0296,-0.0137,0.0082,-0.0043,0.0049,0.0083
Yb,70,24,so3,28.40,38.60,53.04,-0.0513,-0.0151,0.0015,-0.0009,0.0000,0.0002
Lu,71,25,core,8.50,3.40,,1.8919,-0.8919,,,,
Lu,71,25,l0,4.14,5.46,8.81,-12.2748,-0.7498,0.1571,0.3173,0.0005,-0.0580
Lu,71,25,l1,4.37,5.26,6.65,-11.2713,0.3629,-0.0966,0.1760,0.0399,-0.0307
Lu,71,25,l2,1.43,2.07,5.11,-8.1746,-4.8216,-2.0022,0.0534,-0.1323,0.0657
Lu,71,25,l3,10.00,27.95,77.78,8.1099,4.6874,-1.1615,0.0700,-0.7321,0.2595
Lu,71,25,so1,1.43,2.17,2.78,-0.5342,-0.1358,0.0406,-0.0209,-0.0045,-0.0146
Lu,71,25,so2,0.73,1.03,1.14,-0.0448,-0.0103,0.0103,-0.0043,0.0016,0.0049
Lu,71,25,so3,32.21,44.08,58.94,-0.0613,-0.0177,0.0028,-0.0013,-0.0001,0.0004
Hf,72,4,core,2.02,0.80,,5.8921,-4.8921,,,,
Hf,72,4,l0,0.96,1.28,1.51,-7.5055,0.1785,-0.2739,0.0967,0.0822,0.0337
Hf,72,4,l1,0.47,0.87,1.30,-6.3572,-2.0326,-0.5975,0.1046,0.0384,0.0356
Hf,72,4,l2,1.48,1.66,2.10,-3.1747,-0.7669,0.0457,-0.0085,0.0513,0.0490
Hf,72,4,l3,1.04,1.17,1.33,-4.8138,-1.0321,0.2355,0.0761,-0.0860,-0.0208
Hf,72,4,so1,0.17,0.26,0.32,-0.2748,-0.0769,0.0173,-0.0104,0.0076,-0.0054
Hf,72,4,so2,0.76,1.09,1.17,-0.0462,-0.0101,0.0113,-0.0049,0.0004,0.0047
Ta,73,5,core,2.16,0.86,,4.7264,-3.7264,,,,
Ta,73,5,l0,0.68,0.75,1.35,-7.7044,-1.6658,-0.3376,0.1727,-0.0935,0.0128
Ta,73,5,l1,0.63,0.94,1.21,-6.8198,-1.2014,-0.6058,0.0729,0.0285,0.0385
Ta,73,5,l2,1.65,1.82,2.53,-3.2040,-0.6699,0.0252,-0.0195,0.0403,0.0407
Ta,73,5,l3,1.02,1.19,1.47,-4.8229,-1.2430,0.1775,0.0635,-0.0915,-0.0207
Ta,73,5,so1,0.18,0.30,0.39,-0.2984,-0.0938,0.0193,-0.0086,0.0068,-0.0057
Ta,73,5,so2,0.76,1.24,1.49,-0.0512,-0.0161,0.0115,-0.0045,0.0016,0.0051
W,74,6,core,2.26,0.90,,3.9028,-2.9028,,,,
W,74,6,l0,0.70,0.77,1.38,-7.7271,-1.7108,-0.3426,0.1751,-0.0995,0.0111
W,74,6,l1,0.64,0.95,1.22,-6.8405,-1.2895,-0.6084,0.1061,0.0304,0.0404
W,74,6,l2,1.90,2.32,2.60,-3.1992,-0.4925,0.0550,-0.0235,0.0222,0.0360
W,74,6,l3,1.07,1.21,1.45,-4.8452,-1.2223,0.1783,0.0535,-0.0999,-0.0256
W,74,6,so1,0.19,0.29,0.36,-0.3033,-0.0960,0.0159,-0.0132,0.0103,-0.0074
W,74,6,so2,0.56,0.63,0.75,-0.0503,-0.0304,-0.0130,-0.0144,-0.0142,-0.0248
Re,75,7,core,2.44,0.98,,3.5075,-2.5075,,,,
Re,75,7,l0,0.80,0.88,1.26,-8.2984,-1.5845,-0.2659,0.1969,-0.1164,0.0271
Re,75,7,l1,0.84,1.03,1.17,-7.3294,-0.5431,-0.6469,0.0843,0.0255,0.0401
Re,75,7,l2,3.49,4.52,5.24,-3.3902,0.6188,-0.1286,-0.0317,-0.0240,-0.0112
Re,75,7,l3,1.14,1.25,1.46,-5.0854,-1.2739,0.1765,0.0644,-0.1049,-0.0289
Re,75,7,so1,0.22,0.33,0.40,-0.3363,-0.0973,0.0171,-0.0116,0.0087,-0.0086
Re,75,7,so2,0.63,0.70,0.91,-0.0573,-0.0336,-0.0163,-0.0188,-0.0200,-0.0266
Os,76,8,core,2.47,0.99,,2.9996,-1.9996,,,,
Os,76,8,l0,0.82,0.91,1.24,-8.2345,-1.5905,-0.2208,0.1894,-0.1200,0.0269
Os,76,8,l1,0.73,1.05,1.37,-7.1957,-1.2059,-0.5669,0.1161,0.0402,0.0300
Os,76,8,l2,3.20,4.02,4.94,-3.2781,0.3440,-0.0168,-0.0203,-0.0415,-0.0116
Os,76,8,l3,1.02,1.19,1.41,-5.0871,-1.6048,0.1234,0.0652,-0.1268,-0.0371
Os,76,8,so1,0.23,0.35,0.43,-0.3415,-0.0994,0.0206,-0.0140,0.0115,-0.0067
Os,76,8,so2,0.61,0.69,0.91,-0.0576,-0.0369,-0.0180,-0.0148,-0.0181,-0.0267
Ir,77,9,core,2.67,1.07,,2.8089,-1.8089,,,,
Ir,77,9,l0,1.06,1.16,1.39,-8.9278,-0.7827,-0.0945,0.2077,-0.0766,0.0004
Ir,77,9,l1,0.84,1.12,1.23,-7.4725,-0.9830,-0.6357,0.1348,0.0252,0.0400
Ir,77,9,l2,3.26,4.26,5.63,-3.5581,0.2703,-0.0036,-0.0238,-0.0415,-0.0083
Ir,77,9,l3,1.07,1.22,1.41,-5.3733,-1.7325,0.0969,0.0796,-0.1406,-0.0410
Ir,77,9,so1,0.55,1.27,1.36,-0.3470,0.0921,-0.0279,-0.0111,-0.0032,-0.0019
Ir,77,9,so2,0.73,0.82,1.21,-0.0669,-0.0401,-0.0160,-0.0117,-0.0082,-0.0200
Pt,78,10,core,2.71,1.08,,2.5166,-1.5166,,,,
Pt,78,10,l0,1.14,1.25,1.44,-8.8888,-0.5626,-0.0692,0.2058,-0.0575,-0.0091
Pt,78,10,l1,0.96,1.08,1.34,-7.7003,-0.5239,-0.5936,0.1341,0.0364,0.0254
Pt,78,10,l2,3.23,4.09,5.46,-3.4567,0.1513,0.0239,-0.0393,-0.0516,-0.0071
Pt,78,10,l3,0.97,1.14,1.37,-5.4558,-2.0590,-0.0027,0.0952,-0.1650,-0.0438
Pt,78,10,so1,1.26,0.40,0.49,-0.3813,-0.1176,0.0202,-0.0154,0.0116,-0.0094
Pt,78,10,so2,0.75,0.84,1.13,-0.0680,-0.0405,-0.0179,-0.0165,-0.0161,-0.0259
Au,79,11,core,2.85,1.14,,2.3778,-1.3778,,,,
Au,79,11,l0,1.09,1.24,1.62,-8.9867,-1.0964,-0.1164,0.2108,-0.0732,-0.0077
Au,79,11,l1,1.02,1.12,1.34,-7.8473,-0.5246,-0.6230,0.1483,0.0363,0.0278
Au,79,11,l2,3.34,3.78,4.97,-3.6440,0.0850,0.0286,-0.0597,-0.0456,0.0047
Au,79,11,l3,1.03,1.17,1.39,-5.6797,-2.0821,-0.0032,0.1156,-0.1733,-0.0507
Au,79,11,so1,0.26,0.39,0.49,-0.3833,-0.1289,0.0164,-0.0189,0.0144,-0.0110
Au,79,11,so2,0.89,1.04,1.39,-0.0791,-0.0452,-0.0148,-0.0113,-0.0058,-0.0191
Hg,80,12,core,2.99,1.20,,2.2533,-1.2533,,,,
Hg,80,12,l0,1.24,1.41,1.84,-9.5486,-0.8291,-0.0650,0.2058,-0.0641,-0.0092
Hg,80,12,l1,1.02,1.12,1.40,-7.9485,-0.7733,-0.6648,0.1799,0.0346,0.0315
Hg,80,12,l2,3.33,3.79,5.37,-3.7392,-0.0139,0.0408,-0.0636,-0.0453,0.0064
Hg,80,12,l3,0.94,1.07,1.18,-5.8931,-2.5065,-0.2075,0.1636,-0.2383,-0.0339
Hg,80,12,so1,0.66,1.52,1.63,-0.3943,0.1059,-0.0317,-0.0117,-0.0036,-0.0023
Hg,80,12,so2,0.89,1.00,1.39,-0.0796,-0.0457,-0.0193,-0.0181,-0.0157,-0.0257
Tl,81,3,core,1.77,0.59,,6.7158,-5.7158,,,,
Tl,81,3,l0,1.24,1.89,5.07,-7.6582,-0.0300,0.1161,0.3351,0.0637,-0.0059
Tl,81,3,l1,0.71,0.96,1.30,-5.8681,-1.0109,0.0245,0.2286,0.0178,-0.0129
Tl,81,3,l2,0.70,0.81,1.04,-6.0798,-0.8199,-0.5486,-0.1761,0.0331,0.1048
Tl,81,3,l3,0.91,1.09,1.21,-4.1125,-1.3267,0.4578,0.1868,-0.0910,-0.0456
Tl,81,3,so1,0.31,0.52,0.62,-0.3984,-0.1040,0.0451,-0.0222,0.0174,-0.0059
Tl,81,3,so2,0.20,0.24,0.32,0.0288,0.0753,0.0435,0.0094,-0.0219,0.0369
Pb,82,4,core,1.92,0.76,,6.5444,-5.5444,,,,
Pb,82,4,l0,1.40,1.98,3.57,-8.3268,0.1094,0.1191,0.3305,0.0557,0.0032
Pb,82,4,l1,0.95,1.21,1.77,-6.9590,-0.5127,0.0637,0.2131,0.0485,-0.0143
Pb,82,4,l2,0.79,0.91,1.20,-6.8182,-0.8903,-0.6033,-0.1888,0.0154,0.0916
Pb,82,4,l3,1.35,1.62,1.82,-4.0362,-1.0178,0.5641,0.1487,-0.1291,-0.0624
Pb,82,4,so1,0.45,0.71,0.82,-0.5058,-0.0654,0.0487,-0.0128,0.0136,-0.0117
Pb,82,4,so2,0.24,0.30,0.40,0.0257,0.0759,0.0376,0.0130,-0.0275,0.0245
Bi,83,5,core,2.03,0.81,,5.2104,-4.2104,,,,
Bi,83,5,l0,1.62,2.16,3.24,-8.6521,0.5682,0.0727,0.2679,0.0221,-0.0041
Bi,83,5,l1,1.23,1.48,1.75,-7.2503,0.3928,-0.0127,0.1712,0.0669,-0.0059
Bi,83,5,l2,0.92,1.04,1.34,-7.0492,-0.4597,-0.5518,-0.2095,0.0055,0.0813
Bi,83,5,l3,1.70,1.92,2.19,-3.6420,-0.7705,0.5327,0.0841,-0.1722,-0.0752
Bi,83,5,so1,0.47,0.77,0.89,-0.5574,-0.0931,0.0509,-0.0114,0.0107,-0.0147
Bi,83,5,so2,0.28,0.34,0.45,0.0246,0.0777,0.0401,0.0112,-0.0261,0.0260
Po,84,6,core,2.17,0.87,,4.4190,-3.4190,,,,
Po,84,6,l0,1.90,2.72,3.20,-8.8296,1.2562,-0.0868,0.1922,0.0340,-0.0101
Po,84,6,l1,1.46,1.82,2.27,-7.6222,0.9054,-0.1548,0.1081,0.0857,0.0076
Po,84,6,l2,1.03,1.17,1.51,-7.3062,-0.2355,-0.5527,-0.2228,0.0158,0.0829
Po,84,6,l3,3.28,2.58,2.99,-3.0770,-0.5522,0.4418,0.0114,-0.1948,-0.0717
Po,84,6,so1,0.46,0.77,0.96,-0.6012,-0.1455,0.0494,-0.0116,0.0019,-0.0156
Po,84,6,so2,0.31,0.40,0.52,0.0263,0.0854,0.0441,0.0114,-0.0277,0.0277
At,85,7,core,2.29,0.92,,3.8179,-2.8179,,,,
At,85,7,l0,1.94,2.25,2.85,-9.1942,0.9723,0.0808,0.2203,-0.0377,-0.0100
At,85,7,l1,1.70,2.13,2.67,-7.9335,1.3792,-0.3076,0.0369,0.0789,0.0139
At,85,7,l2,1.20,1.42,1.78,-7.4567,0.1638,-0.5722,-0.3036,-0.0089,0.0768
At,85,7,l3,3.37,3.81,4.33,-2.2899,-0.3680,0.2809,-0.1026,-0.2173,-0.0672
At,85,7,so1,0.40,0.51,0.72,-0.6197,-0.2427,-0.0158,-0.0265,0.0068,-0.0022
At,85,7,so2,0.35,0.46,0.60,0.0338,0.0977,0.0488,0.0138,-0.0318,0.0304
At,85,7,so3,0.96,1.47,1.85,-0.0207,-0.0058,0.0114,-0.0050,-0.0015,0.0046
Rn,86,8,core,2.45,0.98,,3.4235,-2.4235,,,,
Rn,86,8,l0,2.28,2.66,3.34,-9.2586,1.8254,-0.0335,0.1692,-0.0066,-0.0247
Rn,86,8,l1,2.11,2.58,2.80,-8.2305,2.1388,-0.6641,-0.0823,0.0514,0.0221
Rn,86,8,l2,1.39,1.61,1.99,-7.6190,0.5216,-0.6703,-0.3719,-0.0121,0.0857
Rn,86,8,l3,4.35,6.11,11.37,-1.8307,-0.7487,0.1902,-0.2562,-0.3020,-0.0472
Rn,86,8,so1,0.40,0.44,0.48,-0.6370,-0.2736,-0.0112,0.0834,0.1677,0.0721
Rn,86,8,so2,0.40,0.52,0.67,0.0462,0.1135,0.0536,0.0175,-0.0383,0.0353
Rn,86,8,so3,2.13,2.85,3.04,-0.0620,-0.0072,0.0296,-0.0124,-0.0069,0.0071
Fr,87,1,core,1.23,0.16,,8.4416,-7.4416,,,,
Fr,87,1,l0,0.36,0.53,0.69,-5.8904,-0.1647,-0.3018,0.1280,0.0584,0.0342
Fr,87,1,l1,0.16,0.31,0.96,-4.8581,-1.9964,-0.6630,0.0699,0.0869,0.0008
Fr,87,1,l2,0.36,0.40,0.63,-3.0529,-1.2715,-0.2513,0.0931,0.0451,0.0666
Fr,87,1,l3,0.38,0.43,0.52,-3.0166,-1.8140,0.5796,0.4211,-0.1318,-0.0554
Fr,87,1,so1,0.06,0.09,0.11,-0.3418,-0.1079,0.0164,-0.0148,0.0090,-0.0102
Fr,87,1,so2,0.17,0.27,0.33,-0.0454,-0.0141,0.0121,-0.0057,0.0001,0.0035
Ra,88,2,core,0.99,0.24,,6.1114,-5.1114,,,,
Ra,88,2,l0,0.49,0.63,0.74,-6.6907,0.5888,-0.2960,0.0687,0.0641,0.0304
Ra,88,2,l1,0.29,0.44,0.56,-6.0767,-0.6269,-0.4742,0.0163,0.0270,0.0352
Ra,88,2,l2,0.50,0.55,1.36,-3.4169,-0.8443,-0.0162,0.0274,0.0222,0.0217
Ra,88,2,l3,4.09,4.68,5.19,2.2350,-2.4528,0.9112,0.1423,-0.0204,0.0303
Ra,88,2,so1,0.13,0.28,0.32,-0.4357,0.0239,0.0183,0.0086,0.0045,0.0032
Ra,88,2,so2,0.19,0.24,0.31,-0.0583,-0.0278,0.0011,-0.0084,0.0076,0.0001
Ra,88,2,so3,1.45,2.17,2.74,-0.0441,-0.0127,0.0412,-0.0203,-0.0025,0.0205
Ac,89,3,core,1.49,0.31,,4.7270,-3.7270,,,,
Ac,89,3,l0,0.54,0.77,1.02,-8.2168,0.0920,-0.3962,0.0779,0.0604,0.0275
Ac,89,3,l1,0.25,0.43,1.28,-6.9513,-2.1603,-0.8600,-0.0054,0.1271,0.0022
Ac,89,3,l2,0.56,0.62,1.23,-4.4657,-1.3359,-0.1864,0.0158,0.0018,0.0184
Ac,89,3,l3,5.40,6.13,6.91,1.3312,-2.5472,0.8208,0.0024,0.0587,0.1169
Ac,89,3,so1,0.15,0.31,0.33,-0.4745,0.0254,0.0224,0.0063,0.0042,0.0039
Ac,89,3,so2,0.17,0.19,0.25,-0.0590,-0.0361,-0.0133,-0.0101,-0.0071,-0.0220
Ac,89,3,so3,1.84,2.26,2.98,-0.0409,-0.0195,-0.0022,-0.0031,0.0029,-0.0010
Th,90,4,core,1.59,0.40,,4.3902,-3.3902,,,,
Th,90,4,l0,0.62,0.77,1.35,-9.0342,0.2160,-0.4277,0.0541,0.0790,0.0243
Th,90,4,l1,0.44,0.48,0.55,-8.4035,-0.5210,-0.8289,0.2778,-0.0169,0.0888
Th,90,4,l2,0.71,0.78,1.39,-5.1907,-1.1444,-0.0440,0.0631,0.0061,0.0126
Th,90,4,l3,6.10,6.99,7.92,0.9203,-2.4893,0.8255,-0.0430,0.0225,0.1112
Th,90,4,so1,0.13,0.25,0.33,-0.4753,0.0100,0.0973,0.0201,-0.0170,0.0018
Th,90,4,so2,0.23,0.27,0.36,-0.0754,-0.0409,-0.0109,-0.0118,-0.0029,-0.0174
Th,90,4,so3,2.08,2.55,3.36,-0.0449,-0.0206,-0.0025,-0.0029,0.0026,-0.0010
Pa,91,5,core,2.06,0.45,,3.8349,-2.8349,,,,
Pa,91,5,l0,0.56,0.80,1.07,-9.5369,-1.1466,-0.5565,0.2043,0.0460,0.0300
Pa,91,5,l1,0.56,0.66,0.75,-9.4357,-0.2689,-1.1084,0.0661,-0.0646,0.0446
Pa,91,5,l2,0.65,0.73,0.94,-5.8109,-2.0532,-0.3147,0.1394,-0.0207,0.0288
Pa,91,5,l3,7.31,8.53,11.54,0.2527,-2.0863,0.8840,0.0351,-0.1739,0.1578
Pa,91,5,so1,0.15,0.29,0.38,-0.4599,0.0881,0.1202,0.0314,-0.0267,0.0042
Pa,91,5,so2,0.20,0.23,0.29,-0.0656,-0.0390,-0.0133,-0.0131,-0.0080,-0.0240
Pa,91,5,so3,1.80,4.20,11.43,-0.0460,-0.0306,-0.0002,-0.0012,-0.0008,0.0012
U,92,6,core,2.08,0.50,,3.5183,-2.5183,,,,
U,92,6,l0,0.60,0.76,1.06,-9.6565,-1.0562,-0.6184,0.2244,0.0435,0.0270
U,92,6,l1,0.52,0.62,0.70,-9.5702,-0.9102,-1.1087,0.2426,-0.0947,0.0639
U,92,6,l2,0.66,0.75,0.86,-5.8926,-2.2312,-0.3447,0.1552,-0.0291,0.0317
U,92,6,l3,7.27,8.62,12.50,0.3088,-2.0827,0.8200,0.0050,-0.1939,0.1305
U,92,6,so1,0.16,0.30,0.39,-0.5079,0.0599,0.1053,0.0283,-0.0202,0.0011
U,92,6,so2,0.20,0.22,0.29,-0.0656,-0.0414,-0.0128,-0.0018,0.0019,-0.0199
U,92,6,so3,1.84,2.15,2.34,-0.0490,-0.0311,-0.0134,0.0041,-0.0002,-0.0007
Np,93,7,core,2.72,0.60,,3.5099,-2.5099,,,,
Np,93,7,l0,0.62,0.91,1.17,-10.4153,-2.0222,-0.9596,0.3000,-0.0075,0.0778
Np,93,7,l1,0.50,0.82,1.03,-10.1156,-2.4063,-1.4851,0.1011,-0.1430,0.1141
Np,93,7,l2,0.83,0.92,1.06,-7.3516,-2.4042,-0.3586,0.2802,-0.0396,0.0466
Np,93,7,l3,10.07,13.17,17.30,-1.1744,-1.4501,0.9518,0.2863,-0.2900,-0.1468
Np,93,7,so1,0.14,0.21,0.26,-0.5832,-0.0985,0.0640,-0.0126,0.0003,-0.0065
Np,93,7,so2,0.30,0.35,0.43,-0.0880,-0.0427,-0.0064,-0.0079,0.0083,-0.0076
Np,93,7,so3,2.07,3.81,15.69,-0.0504,-0.0319,-0.0044,-0.0027,-0.0004,0.0014
Pu,94,8,core,2.76,0.62,,3.1671,-2.1671,,,,
Pu,94,8,l0,0.59,0.94,1.25,-10.2963,-2.4940,-0.9263,0.3236,-0.0057,0.0676
Pu,94,8,l1,0.59,0.83,0.92,-10.2746,-1.6981,-1.5450,0.1102,-0.1780,0.1118
Pu,94,8,l2,0.93,1.02,3.49,-7.5476,-2.1067,-0.3096,0.0732,0.1190,-0.0164
Pu,94,8,l3,10.23,13.36,17.64,-1.0461,-1.4985,0.9908,0.3096,-0.2679,-0.1382
Pu,94,8,so1,0.15,0.23,0.27,-0.6093,-0.0944,0.0628,-0.0075,0.0029,-0.0069
Pu,94,8,so2,0.33,0.41,0.54,-0.0987,-0.0487,-0.0066,-0.0083,0.0087,-0.0075
Pu,94,8,so3,2.12,4.64,13.73,-0.0520,-0.0335,-0.0004,-0.0019,-0.0005,0.0010
